{"flag":"1","env":"PRODUCTION","buildNumber":"457","data":{"20800033":{"lastVersion":"20800036","md5":"ItP+00qRtal2iBRALD4pZYQ/3MbZDfceq0Cr4+RXEImEVS8BwiX/I0fxVRA9vOFx+qZYb8yIaRrP53jh26qcXg8WzWj8VUPGmS/AnOv0BHBnGH6ZmVmnLQeYmsVZY+a3pmNqyhnYsYREzkdk2eDJk6lxOJ0UL41h5vaTvckqmpU=","modulesName":"iloanbt","updateUrl":"https://puhui-web.pingan.com.cn/manager/prd/paem/cfs-ss/iloanbthtml/20800036/20800033-20800036_457.zip"},"20800032":{"lastVersion":"20800036","md5":"2YQj0BDt14fy53zWOq9xTo/qHWZXUhzK5d7jZ7O+N5UccRlg94Qfu3UtCJDecAd0/7mqc5pOXWe6hQ3NooRPJ1sPQAKWv73iq8lfjQcwfT3D2yBgGxfOSanpOAn7zBAfSd9B+5MP+mAkyeb1gLZ4UxO0bi1Am/ZYt7jUzBQHW4Y=","modulesName":"iloanbt","updateUrl":"https://puhui-web.pingan.com.cn/manager/prd/paem/cfs-ss/iloanbthtml/20800036/20800032-20800036_457.zip"},"20800031":{"lastVersion":"20800036","md5":"FdA9S+I94CJMJBSjpap9+Iq3gvaYqVayo3BUzU6TJwYiFsn80qEg5LQeT2qCnDywk+6aSkYmGp5r7zO7WrDv5oaM0F9hvWrbBHAH7boAAfyr0SDYhwN5XlrSV9SP2LA70qOHRloW2q+5ttXPcYZDh+jyuyWPXSQTeyQmGSKc8Kw=","modulesName":"iloanbt","updateUrl":"https://puhui-web.pingan.com.cn/manager/prd/paem/cfs-ss/iloanbthtml/20800036/20800031-20800036_457.zip"},"20800035":{"lastVersion":"20800036","md5":"a03CYrxwp0YbzRn7gyufuCERrspOWhPr0mFJIfmisMSbQk6Qfdm1kFIBy+bWbG5cu8WK9CEZ3F4hS4NrBIPIxThcjSyll0Ok1/gKyaUwvKN7xcUSVBJiTX5VIb4nIYqDakN51cQe2VbCqfCndijer8jZ5SBxeUIMahN0Ik0ZZDs=","modulesName":"iloanbt","updateUrl":"https://puhui-web.pingan.com.cn/manager/prd/paem/cfs-ss/iloanbthtml/20800036/20800035-20800036_457.zip"},"20800030":{"lastVersion":"20800036","md5":"J6vvM2I474Hfx1ns9FkFHdxydG188pmzQHat7nkxBIvenOgCIc7mA3lBR/Lzkp7nbWfACor0ju7rr8r13qm6X8OuId0WL5basTVqmt7428/e0y1IJ53wTHn674k96sLOyc45ty4t6oF9YhbwwGQ5/Th/NPr4+5kzyHKJvslk9Ao=","modulesName":"iloanbt","updateUrl":"https://puhui-web.pingan.com.cn/manager/prd/paem/cfs-ss/iloanbthtml/20800036/20800030-20800036_457.zip"},"0000":{"lastVersion":"20800036","md5":"qKHaW3gP7socAg+xM9uOo0ClxGI+y4h3xaiMX2B5Aa/056z39HPVeg+0EcIDtuHtdAO4C9E2FrLFQz7J1khhJaS6ZPDXzsTgPiYheJ5k4chBwLihFGMrlMGD9iIIYotYfS7t34F28qLgJYeYrTDSrGChyb1zqF3pSqlkfVBztdQ=","modulesName":"iloanbt","updateUrl":"https://puhui-web.pingan.com.cn/manager/prd/paem/cfs-ss/iloanbthtml/20800036/0000-20800036_457.zip"},"20800034":{"lastVersion":"20800036","md5":"ZTvoLF/IuWmlJop7r3rOb3zYV1qwG0B8hH9xc4oIk16ofzrE0ajmMvcqS5ev8k0vUHkNrIExp1u5g5UB5AMFYQcFG/gWRswYlcu2wQbIn79slNF9gty0RzoUqWmyynhJICVy0OXD3tWBB3G7E1ijovc7GAJI0Qrt3EdX7iuAb9Q=","modulesName":"iloanbt","updateUrl":"https://puhui-web.pingan.com.cn/manager/prd/paem/cfs-ss/iloanbthtml/20800036/20800034-20800036_457.zip"}}}