{
    "flag": "1",
    "msg": "返回结果信息",
    "data": {
        "resultCode": "1",
        "resultMsg": "返回结果信息",
        "resultObj": [
            {
                "Tdate": "20151105",
                "Ttype": "动用",
                "Tamt": "22214.54"
            },
            {
                "Tdate": "20151105",
                "Ttype": "还款",
                "Tamt": "22214.54"
            },
            {
                "Tdate": "20151105",
                "Ttype": "动用",
                "Tamt": "22214.54"
            },
            {
                "Tdate": "20151105",
                "Ttype": "动用",
                "Tamt": "22214.54"
            }
        ],
        "Taccount": "1234"
    }
}
