{
     "data": {
        "ICreditInfo": {
            "accountStatus": "N",
            "creditStatus": "PS",
            "applyNo": "0APP001014312",
            "guaranteeRate": "2.00",
            "loanCode": "0201",
            "rate": "3",
            "rateSum": "5.0"
        },
        "BTCreditInfo": {
            "accountStatus": "N",
            "creditStatus": "PS",
            "applyNo": "0APP001014312",
            "guaranteeRate": "2.00",
            "loanCode": "0201",
            "rate": "1",
            "rateSum": "2.2356"
        },
        "versionNo":"v3.0",
        "availableCredit": 4000,
        "channelCodeFlag": "1",
        "credit": 6000,
        "custAcctNo": "1000000000691321",
        "electronicSignature": "0",
        "gasStationSwitch": "Y",
        "isCreditEnough": "Y",
        "isPromoteAmt":"N",
        "id": "444444198504040146",
        "name": "张大港",
        "realNameAuth": "1",
        "cgiBankName":"光大银行",
        "isCredit":"1",
        "fundingModel":"U",
        "resultCode": "1",
        "resultMsg": "申请状态查询成功！",
        "rpyDay": "12",
        "rpyInfo": {
            "remindInfo": "中国招商银行4032",
            "rpyDate": "09月11日",
            "rpyStatus": "RP",
            "rpyAmt": "300.32"
        },
        "subProcessCode": "RP"
    },
    "flag": "1",
    "msg": "请求成功，无任何异常"
}