{
  "data":{
    "curDate":"20160805",
    "acctNo":"1000000000682414",
    "billDate":"20160905",
    "disbAcountList":[
      {"accountNo":"","accountTypeName":"壹钱包账户","bindNo":"5613665","bindType":"YQB","bankCode":" "},
      {"accountNo":"**** **** ****1234","accountTypeName":"建设银行","bindNo":"5613667","bindType":"BANK","bankCode":"CCB"}
    ],
    "abledAmt":"2500.00",
    "usedAmt":"2000.00",
    "interestRate":"0.0003",
    "rpDate":"20160917",
    "guaranteeRate":"0.0007"
  },
  "msg":"操作成功",
  "flag":"1"
}