{
    "flag": "1",
    "msg": "成功",
    "data": {
        "resultCode": "1",
        "resultMsg": "返回结果信息",
        "applyNo":"300994994884848848",
        "subProcessCode":"AP",
        "signSwitch":"1",
        "credit":"1800",
        "availableCredit":"1000",
        "isPromoteAmt":"N",
        "isCreditAuthenticating":"N",
        "isCreditEnough":"Y",
        "ICreditInfo":{
            "loanCode":"0101",
            "creditStatus":"PS",
            "rateSum":"0.25",
            "rate":"0.03",
            "guaranteeRate":"0.02"
        },
        "BTCreditInfo":{
            "loanCode":"0101",
            "creditStatus":"NN",
            "rateSum":"0.25",
            "rate":"0.03",
            "guaranteeRate":"0.02"
        }
    }
}
