{
    "flag": "1",
    "msg": "操作成功",
    "data": {
        "resultCode": "1",
        "resultMsg": "返回结果信息",
        "subProcessCode": "RP",
        "signSwitch": "1",
        "infoMap": [
            {
                "loanAmt": "2000",
                "loanAcct": "1234567890",
                "loanCount": "100"
            },
            {
                "loanAmt": "4000",
                "loanAcct": "0987654321",
                "loanCount": "200"
            }
        ]
    }
}