{
    "flag": "1",
    "msg": "操作成功",
    "data": {
        "resultCode": "1",
        "resultMsg": "返回结果信息",
        "channelCode": "渠道代码",
        "loanCode": "产品代码",
        "custNo": "客户号",
        "payApplyNo": "支用申请号",
        "signSwitch": "1",
        "switchMsg": "签约开关关闭",
        "remainAmt": "10000",
        "monRpyDay": "每月8日",
        "loanAmt": "2000",
        "isSignSuccess": "1",
        "isDrawSuccess": "0",
        "subProcessCode": "",
        "levelChange": "1"
    }
}