{
    "data": {
        "resultCode": "1", 
        "resultMsg": "成功！", 
        "bindAccountList": [
            {
                "accountNo": "**** **** ****1234", 
                "accountTypeName": "橙子银行", 
                "bindNo": "4238", 
                "bindType": "YQB"
            }, 
            {
                "accountNo": "**** **** ****0000", 
                "accountTypeName": "中国银行", 
                "bindNo": "", 
                "bindType": "BANK"
            }
        ]
    }, 
    "flag": 1, 
    "msg": "操作成功"
}