{
  "data": {
    "notPayAmt": "1466.12",
    "planList": [{
      "rpyDate": "2016-08-04",
      "rpyAmt": 49.3
    }, {
      "rpyAmt": 84.18,
      "rpyDate": "2016-09-04"
    }, {
      "rpyDate": "2016-10-04",
      "rpyAmt": 81.9
    }, {
      "rpyDate": "2016-11-04",
      "rpyAmt": 81.49
    }, {
      "rpyDate": "2016-12-04",
      "rpyAmt": 80.02
    }, {
      "rpyDate": "2017-01-04",
      "rpyAmt": 79.56
    }, {
      "rpyAmt": 78.58,
      "rpyDate": "2017-02-04"
    }, {
      "rpyDate": "2017-03-04",
      "rpyAmt": 76.4
    }, {
      "rpyDate": "2017-04-04",
      "rpyAmt": 76.64
    }, {
      "rpyAmt": 75.33,
      "rpyDate": "2017-05-04"
    }, {
      "rpyAmt": 74.71,
      "rpyDate": "2017-06-04"
    }, {
      "rpyDate": "2017-07-04",
      "rpyAmt": 73.46
    }, {
      "rpyAmt": 72.77,
      "rpyDate": "2017-08-04"
    }, {
      "rpyAmt": 71.79,
      "rpyDate": "2017-09-04"
    }, {
      "rpyAmt": 70.63,
      "rpyDate": "2017-10-04"
    }, {
      "rpyDate": "2017-11-04",
      "rpyAmt": 69.86
    }, {
      "rpyAmt": 68.76,
      "rpyDate": "2017-12-04"
    }, {
      "rpyAmt": 67.92,
      "rpyDate": "2018-01-04"
    }, {
      "rpyDate": "2018-02-04",
      "rpyAmt": 66.94
    }, {
      "rpyDate": "2018-03-04",
      "rpyAmt": 65.88
    }],
    "resultCode": "1",
    "rpyDay": "4",
    "isSuccess": "1",
    "bankCardName": "建设银行储蓄卡(5548)"
  },
  "msg": "操作成功",
  "flag": "1"
}