{
  "data": {
    "bankInfoList": [{
      "productNo": "6",
      "bankShortName": "PAB",
      "bankName": "平安银行"
    }, {
      "productNo": "6",
      "bankShortName": "PSBC",
      "bankName": "中国邮政储蓄银行"
    }, {
      "productNo": "6",
      "bankShortName": "CITIC",
      "bankName": "中信银行"
    }, {
      "productNo": "6",
      "bankShortName": "HXB",
      "bankName": "华夏银行"
    }, {
      "productNo": "6",
      "bankShortName": "BOB",
      "bankName": "北京银行"
    }, {
      "productNo": "6",
      "bankShortName": "SHB",
      "bankName": "上海银行"
    }, {
      "productNo": "6",
      "bankShortName": "SPDB",
      "bankName": "浦东发展银行"
    }, {
      "productNo": "6",
      "bankShortName": "CIB",
      "bankName": "兴业银行"
    }, {
      "productNo": "6",
      "bankShortName": "CMB",
      "bankName": "招商银行"
    }, {
      "productNo": "6",
      "bankShortName": "GDB",
      "bankName": "广发银行"
    }, {
      "productNo": "6",
      "bankShortName": "CMBC",
      "bankName": "民生银行"
    }, {
      "productNo": "6",
      "bankShortName": "CEB",
      "bankName": "中国光大银行"
    }, {
      "productNo": "6",
      "bankShortName": "BOCOM",
      "bankName": "交通银行"
    }, {
      "productNo": "6",
      "bankShortName": "CCB",
      "bankName": "中国建设银行"
    }, {
      "productNo": "6",
      "bankShortName": "BOC",
      "bankName": "中国银行"
    }, {
      "productNo": "6",
      "bankShortName": "ABC",
      "bankName": "农业银行"
    }, {
      "productNo": "6",
      "bankShortName": "ICBC",
      "bankName": "中国工商银行"
    }]
  },
  "msg": "操作成功",
  "flag": "1"
}