{
  "data": {
    "loanLimit": "100",
    "fundingModel": "U",
    "rpyBnakName": "建设银行储蓄卡(5447)",
    "creditCardName":"平安银行信用卡(6222)",
    "loanBindNo":"1111111",
    "rpyType": "03",
    "payApplyNo": "D000000000135050",
    "rpyDay": 12,
    "applyNo": "0201004063040",
    "isFirstPay": "N",
    "yqbList": [
      {
        "accountNoTail": "0947",
        "type": "壹钱包",
        "loanBindNo": "5612315",
        "bankNo": "YQB",
        "bindType": "YQB",
        "cardName": "壹钱包(0947)",
        "bankName": "壹钱包"
      }
    ],
    "creditCardList": [
      {
        "bankNo": "PAB",
        "cardName": "平安银行信用卡(6222)",
        "bindType": "BANK",
        "loanBindNo": "1111111",
        "bankName": "平安银行",
        "accountNoTail": "6222",
        "type": "信用卡"
      },
      {
        "bankNo": "ABC",
        "cardName": "农业银行信用卡(2447)",
        "bindType": "BANK",
        "loanBindNo": "2222222",
        "bankName": "农业银行",
        "accountNoTail": "2447",
        "type": "信用卡"
      },
      {
        "bankNo": "CEB",
        "cardName": "光大银行信用卡(5327)",
        "bindType": "BANK",
        "loanBindNo": "3333333",
        "bankName": "光大银行",
        "accountNoTail": "5327",
        "type": "信用卡"
      }
    ],
    "debitCarList": [
      {
        "bankNo": "CCB",
        "cardName": "建设银行储蓄卡(5447)",
        "bindType": "BANK",
        "loanBindNo": "5612316",
        "bankName": "建设银行",
        "accountNoTail": "5447",
        "type": "储蓄卡"
      }
    ],
    "minLoanAmt": "200",
    "resultMsg": "产品配置查询成功!",
    "bindCreditCardTimes": "0",
    "rateA": "0.042",
    "rate": "0.03",
    "rateSum": "0.042",
    "rpyBnakNo": "5612316",
    "bindCreditCardTimesLimit": "5",
    "isAccountValid": "0",
    "resultCode": "1",
    "maxLoanAmt": "30050",
    "credit": "30000.0",
    "guaranteeRate": "0.012",
    "infoMap": {
      "rpyBnakName": "建设银行储蓄卡(5447)",
      "creditCardList": [],
      "yqbList": [
        {
          "accountNoTail": "0947",
          "type": "壹钱包",
          "loanBindNo": "5612315",
          "bankNo": "YQB",
          "bindType": "YQB",
          "cardName": "壹钱包(0947)",
          "bankName": "壹钱包"
        }
      ],
      "maxLoanAmt": "30000",
      "rpyBnakNo": "5612316",
      "resultMsg": "产品配置查询成功!",
      "bindCreditCardTimesLimit": "5",
      "debitCarList": [
        {
          "bankNo": "CCB",
          "cardName": "建设银行储蓄卡(5447)",
          "bindType": "BANK",
          "loanBindNo": "5612316",
          "bankName": "建设银行",
          "accountNoTail": "5447",
          "type": "储蓄卡"
        }
      ],
      "rate": "0.03",
      "minLoanAmt": "200",
      "resultCode": "1",
      "rpyType": "03",
      "loanLimit": "100",
      "bindCreditCardTimes": "0",
      "guaranteeRate": "0.012",
      "isAccountValid": "0"
    }
  },
  "msg": "操作成功",
  "flag": "1"
}