{
  "data": {
    "isSuccess": "1",
    "message": "返回成功",
    "payState": "RP",
    "loanId": "LOAN882222111",
    "loanType": "0",
    "rpyTotalAmt": "304",
    "munDay": "10",
    "isRepayDate":"N",
    "isPrepaymentAlert":"Y",
    "loanAmt": "30000.00",
    "remainAmt": "1000",
    "creditCardName": "招商银行（3333）",
    "loanBindNo": "ZH0022222111",
    "rpyDate": "2016-01-24",
    "rpyAmt": "234.00",
    "rpyBankName": "平安银行(6222)",
    "rpyBinkNo": "5610305",
    "isDeduct": "0",
    "isClaim":"0",
    "planList": [{
      "rpyAmt": "345.77",
      "rpyDate": "2016-01-24"
    }, {
      "rpyAmt": "324.33",
      "rpyDate": "2015-11-14"
    }],
    "debitCarList":[{
      "accountNoTail":"5073",
      "loanBindNo": "5610304",
      "bankName":"建设银行",
      "cardName": "建设银行(5073)",
      "bankNo":"CCB",
      "bindType":"BANK",
      "accountName":"4666",
      "type":"储蓄卡"
    },{
      "cardName":"平安银行(6222)",
      "loanBindNo":"5610305",
      "bankNo":"PAB",
      "bindType":"BANK",
      "bankName":"平安银行",
      "accountNoTail":"6222",
      "accountName":"4666",
      "type":"储蓄卡"
    }
    ],
    "yqbList":[{
      "bindType": "YQB",
      "bankNo": "YQB",
      "loanBindNo": "5610303",
      "type": "壹钱包",
      "bankName": "壹钱包",
      "cardName": "壹钱包(7238)",
      "accountName":"4666",
      "accountNoTail": "7238"
    }],
    "fundingModel":"L",
    "cgiBankName":"重庆银行",
    "disbDateRpyFlag":"1",

    "rate": "0.0313",
    "guaranteeRate": "0.07",
    "serviceChargeRate":"0.0421",
    "insuranceRate":"0.042",

    "interestFee":"70",
    "counterFee": "0",
    "rateFee": "10",
    "guaranteeFee": "10",
    "overInt": "10",
    "penalty":"10",
    "serviceCharge":"10",
    "insuranceFee":"10",

    "counterFeeShow": "323.00",
    "nosInst":"20"
  },
  "msg": "操作成功",
  "flag": "1"
}