{
  "data": {
    "message": "查询帐户下所有借款信息成功!",
    "payAmt": 18.6,
    "fundingModel":"U",
    "loanList": [{
      "loanId": "10000003749",
      "payState": "OD",
      "loanType": 1,
      "loanDate": "2016-06-28",
      "startCharging": "2016-06-14",
      "endCharging": "2016-07-06",
      "loanAmt": "300",

      "isDeduct": "0",
      "isClaim":"0",
      "isRepayDate":"N",

      "rpyTotalAmt":"38.6",
      "shouldPay": "15",
      "interest": "2.57",
      "guaranteeFee": "1.03",
      "counterFee": "0",
      "overInt": "0",
      "serviceCharge":"0",
      "insuranceFee":"10",
      "serviceCharge":"10"
    }, {
      "loanId": "10000003750",
      "payState": "OD",
      "loanType": 1,
      "loanDate": "2016-06-28",
      "startCharging": "2016-06-14",
      "endCharging": "2016-07-06",
      "loanAmt": "300",

      "isDeduct": "0",
      "isClaim":"0",
      "isRepayDate":"N",

      "rpyTotalAmt":"38.6",
      "shouldPay": "15",
      "interest": "2.57",
      "guaranteeFee": "1.03",
      "counterFee": "0",
      "overInt": "0",
      "serviceCharge":"0",
      "insuranceFee":"10",
      "serviceCharge":"10"
    }, {
      "loanId": "10000003751",
      "payState": "OD",
      "loanType": 1,
      "loanDate": "2016-06-28",
      "startCharging": "2016-06-14",
      "endCharging": "2016-07-06",
      "loanAmt": "300",

      "isDeduct": "0",
      "isClaim":"0",
      "isRepayDate":"N",

      "rpyTotalAmt":"38.6",
      "shouldPay": "15",
      "interest": "2.57",
      "guaranteeFee": "1.03",
      "counterFee": "0",
      "overInt": "0",
      "serviceCharge":"0",
      "insuranceFee":"10",
      "serviceCharge":"10"
    },{
      "loanId": "10000003752",
      "payState": "RP",
      "loanType": 1,
      "loanDate": "2016-06-28",
      "startCharging": "2016-06-14",
      "endCharging": "2016-07-06",
      "loanAmt": "300",

      "isDeduct": "0",
      "isClaim":"0",
      "isRepayDate":"N",

      "rpyTotalAmt":"38.6",
      "shouldPay": "15",
      "interest": "2.57",
      "guaranteeFee": "1.03",
      "counterFee": "0",
      "overInt": "0",
      "serviceCharge":"0",
      "insuranceFee":"10",
      "serviceCharge":"10"
    },{
      "loanId": "10000003753",
      "payState": "RP",
      "loanType": 1,
      "loanDate": "2016-06-28",
      "startCharging": "2016-06-14",
      "endCharging": "2016-07-06",
      "loanAmt": "300",

      "isDeduct": "0",
      "isClaim":"0",
      "isRepayDate":"N",

      "rpyTotalAmt":"38.6",
      "shouldPay": "15",
      "interest": "2.57",
      "guaranteeFee": "1.03",
      "counterFee": "0",
      "overInt": "0",
      "serviceCharge":"0",
      "insuranceFee":"10",
      "serviceCharge":"10"
    },{
      "custAcctNo":"1000000001660107",
      "loanAmt":"200",
      "loanDate": "2016-06-29",
      "loanId": "10000003854",
      "payState": "TD",
      "insuranceFee":"10",
      "serviceCharge":"10",
      "loanType": 1
    },{
      "custAcctNo":"1000000001660107",
      "loanAmt":"200",
      "loanDate": "2016-06-29",
      "loanId": "10000003854",
      "payState": "SE",
      "rpyTotalAmt":"0.00",
      "insuranceFee":"10",
      "serviceCharge":"10",
      "loanType": 1
    }],
    "resultCode": "1",
    "yqbList": [{
      "bankNo": "YQB",
      "loanBindNo": "5609718",
      "cardName": "壹钱包(4539)",
      "type": "壹钱包",
      "accountNoTail": "4539",
      "bankName": "壹钱包",
      "bindType": "YQB"
    }],
    "isOver": "1",
    "isSuccess": "1",
    "rpyBinkNo": "5609718",
    "bankCardName": "壹钱包(4539)",
    "debitCarList": [{
      "bindType": "BANK",
      "accountNoTail": "8680",
      "bankNo": "CCB",
      "loanBindNo": "5609719",
      "bankName": "建设银行",
      "type": "储蓄卡",
      "cardName": "建设银行储蓄卡(8680)"
    }]
  },
  "msg": "操作成功",
  "flag": "1"
}