{
  "data": {
    "isAuthFlag": "N",
    "isFisrtPay": "Y",
    "payApplyNo": "D000000000135059",
    "applyNo": "0201004063040",
    "isFirstPay": "Y",
    "apvFlag": "BTPS",
    "resultMsg": "选择产品接口成功",
    "pageFlag": "A2",
    "isCreditChange": "N",
    "resultCode": "1",
    "signSwitch": "1",
    "loanCode": "0202",
    "infoMap": {
      "isFisrtPay": "Y",
      "loanCode": "0202",
      "isAuthFlag": "N",
      "isCreditChange": "N",
      "apvFlag": "BTPS"
    }
  },
  "msg": "操作成功",
  "flag": "1"
}