{
  "data": {
    "resultCode": "1",
    "resultMsg": "IcardBT的还款试算成功!",
    "term": 20,
    "counterFee": 0,
    "interestFee": 315.85,
    "saveAmt": "5.13",
    
    "rpyTotalAmt": "12000",
    "planList": [
      {
      "rpyAmt": 12.6,
      "rpyDate": "2016-08-12"
    }, {
      "rpyDate": "2016-09-12",
      "rpyAmt": 12.48
    }, {
      "rpyAmt": 12.27,
      "rpyDate": "2016-10-12"
    }, {
      "rpyDate": "2016-11-12",
      "rpyAmt": 12.21
    }, {
      "rpyAmt": 12.02,
      "rpyDate": "2016-12-12"
    }, {
      "rpyDate": "2017-01-12",
      "rpyAmt": 11.96
    }, {
      "rpyDate": "2017-02-12",
      "rpyAmt": 11.82
    }, {
      "rpyAmt": 11.53,
      "rpyDate": "2017-03-12"
    }, {
      "rpyAmt": 11.57,
      "rpyDate": "2017-04-12"
    }, {
      "rpyDate": "2017-05-12",
      "rpyAmt": 11.39
    }, {
      "rpyDate": "2017-06-12",
      "rpyAmt": 11.3
    }, {
      "rpyAmt": 11.13,
      "rpyDate": "2017-07-12"
    }, {
      "rpyDate": "2017-08-12",
      "rpyAmt": 11.04
    }, {
      "rpyAmt": 10.91,
      "rpyDate": "2017-09-12"
    }, {
      "rpyDate": "2017-10-12",
      "rpyAmt": 10.76
    }, {
      "rpyDate": "2017-11-12",
      "rpyAmt": 10.66
    }, {
      "rpyAmt": 10.5,
      "rpyDate": "2017-12-12"
    }, {
      "rpyAmt": 10.39,
      "rpyDate": "2018-01-12"
    }, {
      "rpyDate": "2018-02-12",
      "rpyAmt": 10.26
    }, {
      "rpyDate": "2018-03-12",
      "rpyAmt": 10.11
    }],
    
    "isSuccess": "1",
    "rpyTotalAmt": "226.91"
  },
  "msg": "操作成功",
  "flag": "1"
}