{
	"data": {
		"config": {
			"productId": "iloanbt",
			"switch": "on",
			"errorPostswitch": {
				"switch": "on",
				"config":{
					"startTime" : "2017-06-12 15:10:00",
					"endTime" : "2018-07-01 00:00:00",
					"timeQuantum" : "00:00:00-23:59:59",
					"overTime": 6000
				}
			},
			"keyPointPostswitch": {
				"switch" :"on",
				"config" : {
					"startTime" : "2017-06-12 13:00:00",
					"endTime" : "2018-07-01 00:00:00",
					"timeQuantum" : "00:00:00-23:59:59"
				}
			},
			"userBehaviorSwitch": {
				"switch" :"on",
				"config" : {
					"startTime" : "2017-06-12 00:00:00",
					"endTime" : "2018-07-01 00:00:00",
					"timeQuantum" : "00:00:00-23:59:59"
				}
			}
		}
	},
	"flag": "1",
	"msg": "请求成功"
}
