{
    "flag": "1", 
    "msg": "返回结果信息", 
    "data": {
        "resultCode": "1", 
        "resultMsg": "返回结果信息", 
        "acctNo": "100000000000", 
        "loanSeq": "100000000000", 
        "loanCode": "0101-01", 
        "isEffective": "N", 
        "loanAmt": "7000", 
        "serviceTotalAmt": "350", 
        "rpyMethod": "02", 
        "nosInst": "12", 
        "rateDate": "20151130", 
        "interestRate": "0.02", 
        "guaranteeRate": "0.02", 
        "monthlyRate": "0.04", 
        "abledAmt": "2000", 
        "creditLine": "9000"
    }
}