{
    "flag": 1, 
    "msg": "操作成功", 
    "data": {
        "resultCode": "1", 
        "resultMsg": "申请更新成功", 
        "netAccountList": [
            {
                "netAccountType": "weibo", 
                "netAccountUserName": "liujihuan", 
                "netAccountStatus": "0"
            }, 
            {
                "netAccountType": "jd", 
                "netAccountUserName": "abcdeefgh@163.com", 
                "netAccountStatus": "0"
            }, 
            {
                "netAccountType": "taobao", 
                "netAccountUserName": "zxcvbnm@qq.com", 
                "netAccountStatus": "0"
            }, 
            {
                "netAccountType": "yihaodian", 
                "netAccountUserName": "dahuang162@sina.com.cn", 
                "netAccountStatus": "0"
            }, 
            {
                "netAccountType": "socialInsurance", 
                "netAccountUserName": "dahuang162@sina.com.cn", 
                "netAccountStatus": "1"
            }, 
            {
                "netAccountType": "personalBaseInfo", 
                "netAccountUserName": "dahuang162@sina.com.cn", 
                "netAccountStatus": "1"
            }
        ]
    }
}