{
    "data": {
        "resultCode": "1", 
        "resultMsg": "成功！", 
        "applNo": "0101001009822", 
        "creditDate": "20150922", 
        "creditLine": "6000", 
        "curDate": "20151102", 
        "custName": "王志德", 
        "custTel1": "15388816892", 
        "custTel2": "15388816892", 
        "id": "553658197101122656", 
        "leftCreditLine": "8000", 
        "productList": [
            {
                "cashUseflag": "2", 
                "calcVariableM": "10", 
                "calcVariableN": "15", 
                "interestRate": "2.5", 
                "guaranteeRate": "0.5", 
                "monthlyRate": "5.9", 
                "repayMethod": "01", 
                "nosInst": "12", 
                "maxAmt": "", 
                "minLoanAmt": "", 
                "creditCode": "", 
                "creditExtent": "", 
                "loanCode": "0101"
            },
            {
                "cashUseflag": "1", 
                "calcVariableM": "10", 
                "calcVariableN": "15", 
                "interestRate": "2.5", 
                "guaranteeRate": "0.5", 
                "monthlyRate": "5.9", 
                "repayMethod": "02", 
                "nosInst": "6", 
                "maxAmt": "", 
                "minLoanAmt": "", 
                "creditCode": "", 
                "creditExtent": "", 
                "loanCode": "0101"
            },
            {
                "cashUseflag": "1", 
                "calcVariableM": "10", 
                "calcVariableN": "15", 
                "interestRate": "2.5", 
                "guaranteeRate": "0.5", 
                "monthlyRate": "5.9", 
                "repayMethod": "02", 
                "nosInst": "3", 
                "maxAmt": "", 
                "minLoanAmt": "", 
                "creditCode": "", 
                "creditExtent": "", 
                "loanCode": "0101"
            },
            {
                "cashUseflag": "2", 
                "calcVariableM": "10", 
                "calcVariableN": "15", 
                "interestRate": "2.5", 
                "guaranteeRate": "0.5", 
                "monthlyRate": "5.9", 
                "repayMethod": "00", 
                "nosInst": "0", 
                "maxAmt": "", 
                "minLoanAmt": "", 
                "creditCode": "", 
                "creditExtent": "", 
                "loanCode": "0101"
            }
            
            
        ], 
        "subProcessCode": null, 
        "usedCreditLine": "0", 
        "disbAcountList": [
            {
                "accountNo": "**** **** ****ank1", 
                "accountTypeName": "橙子银行", 
                "bankCode": "", 
                "bindNo": "4238", 
                "bindType": "BANK"
            }
        ]
    }, 
    "flag": 1, 
    "msg": "操作成功"
}