{
    "flag": "1",
    "msg": "成功",
    "data": {
        "signSwitch":"1",
        "resultCode": "1",
        "productType":"C",
        "fundingModel":"U",
        "newBank":"光大银行",
        "isCredit":"1",
        "isValidity":"0",
        "idvalid":"Y",
        "eleFlag":"Y",
        "resultMsg": "返回结果信息",
        "infoMap":{
            "loanCode":"0202",
            "apvFlag":"PS",
            "payApplyNo":"1030494905959959",
            "bindFlag":"N",
            "isAuthFlag":"N"
        },
        "migrateMap": {
            "resultCode": "1",
            "resultMsg": "迁徙接口成功",

            "fundingModel": "U",
            "loanCode": "0201",

            "applyNo": "0201002306058",
            "payApplyNo": "D000000000070982",

            "switchMsg": "今日额度已抢光！",
            "signSwitch": "1",

            "isMigrate": "Y",
            "isDebt": "N",
            "isCloseDebt": "",
            "isSign": "Y",
            "signCode": "S00002",

            "isCredit": "1",
            "idvalid": "Y",
            "isValidity": "1",
            "newBank": "重庆银行",
            "bankCode": "",

            "loanCompanyName": "重庆小贷",
            "loanCompanyCode": "L",
            "ratio": "1:990.99"
        }
    }
}
