{
    "flag": "1",
    "msg": "返回结果信息",
    "data": {
        "resultCode": "1",
        "resultMsg": "返回结果信息",
        "loanList": [
            {
                "loanSeq": "0001",
                "acctNo": "110000000",
                "loanCode": "贷款类型",
                "loanStatus": "TD",
                "loanAmt": "64989.21",
                "rpAmt": "11103.11",
                "nosInt": "36",
                "loanDate": "20151102",
                "disbDate": "20151105",
                "cmpDate": "",
                "overDueDay": "",
                "rpyMethod": "01",
                "currentDueDate": ""
            },
            {
                "loanSeq": "0002",
                "acctNo": "110000000",
                "loanCode": "贷款类型",
                "loanStatus": "RP",
                "loanAmt": "64989.21",
                "rpAmt": "11103.11",
                "nosInt": "36",
                "loanDate": "20151102",
                "disbDate": "20151105",
                "cmpDate": "",
                "overDueDay": "",
                "rpyMethod": "01",
                "currentDueDate": ""
            },
            {
                "loanSeq": "0003",
                "acctNo": "110000000",
                "loanCode": "贷款类型",
                "loanStatus": "OD",
                "loanAmt": "64989.21",
                "rpAmt": "11103.11",
                "nosInt": "36",
                "loanDate": "20151102",
                "disbDate": "20151105",
                "cmpDate": "",
                "overDueDay": "",
                "rpyMethod": "01",
                "currentDueDate": ""
            },
            {
                "loanSeq": "0004",
                "acctNo": "110000000",
                "loanCode": "贷款类型",
                "loanStatus": "SE",
                "loanAmt": "64989.21",
                "rpAmt": "11103.11",
                "nosInt": "36",
                "loanDate": "20151102",
                "disbDate": "20151105",
                "cmpDate": "",
                "overDueDay": "",
                "rpyMethod": "01",
                "currentDueDate": ""
            },
            {
                "loanSeq": "0005",
                "acctNo": "110000000",
                "loanCode": "贷款类型",
                "loanStatus": "DB",
                "loanAmt": "64989.21",
                "rpAmt": "11103.11",
                "nosInt": "36",
                "loanDate": "20151102",
                "disbDate": "20151105",
                "cmpDate": "",
                "overDueDay": "",
                "rpyMethod": "01",
                "currentDueDate": ""
            }
        ]
    }
}
