{
    "flag": 1, 
    "msg": "操作成功", 
    "data": {
    	"resultCode": "1", 
        "resultMsg": "申请更新失败", 
        "type": "4", 
        "pingtaiFuWuFei": "350.00", 
        "shijiDaoZhang": "6500.00", 
        "monthlyInterestRate": 0.9, 
        "monthlyGuaranteeRate": 2.1, 
        "dailyInterest": "2.1", 
        "dailyGuarantee": "4.9", 
        "interestTotalAmt": 200, 
        "guaranteeTotalAmt": 17, 
        "repayTotalAmt": 7000, 
        "chargeTotalAmt": 7217
    }
}