{
  "data": {
    "resultCode": "1",
    "resultMsg": "迁徙判断接口",
    "applyNo": "0201002306058",
    "switchMsg": "",
    "signSwitch": "1",
    "loanCode": "0201",
    "isMigrate": "Y",
    "isSign": "Y",
    "signCode": "S00002",
    "isCredit": "1",
    "payApplyNo": "D000000000070982",
    "isDebt": "N",
    "isCloseDebt": "",
    "cgiBankName": "",
    "isValidity": "1",
    "newBank": "重庆银行",
    "bankCode": "",
    "fundingModel": "U",
    "loanCompanyCode": "L",
    "loanCompanyName": "重庆小贷",
    "idvalid": "Y",
    "ratio": "1:99"

  },
  "msg": "成功",
  "flag": "1"
}
