{
    "flag": "1",
    "msg": "操作成功",
    "data": {
        "resultCode": "1",
        "resultMsg": "返回结果信息",
        "isFirstPay": "Y",
        "infoMap": {
            "isUpdateAgreement":"Y",
            "fundingModel":"U",
            "cgiBankName":"光大银行",
            "isCredit":"1",
            "isAccountValid": "1",
            "minLoanAmt": "200",
            "serviceCharge":"0.042",
            "premium":"0.012",
            "rpyType": "01",
            "loanLimit": "100",
            "maxLoanAmt": "20566",
            "creditCardName": "平安银行信用卡(1234)",
            "loanBindNo": "1",
            "rateSum": "0.042",
            "rate": "3",
            "guaranteeRate": "2.001",
            "rpyDay": "5",
            "rpyBnakName": "平安银行储蓄卡(8765)",
            "rpyBnakNo": "1",
            "creditCardList": [{
                "cardName": "平安银行信用卡(1234)",
                "accountNoTail": "1234",
                "cardNo": "1234567890123456",
                "loanBindNo": "",
                "bankNo": "",
                "bindType": "YQB"
            }, {
                "cardName": "平安银行信用卡(5678)",
                "accountNoTail": "1234",
                "cardNo": "1234567890123456",
                "loanBindNo": "",
                "bankNo": "",
                "bindType": "BANK"
            }],
            "yqbList": [{
                "cardName": "平安银行储蓄卡(4321)",
                "accountNoTail": "1234",
                "cardNo": "1234567890123456",
                "loanBindNo": "1",
                "bankNo": "pab",
                "bankName": "平安银行",
                "bindType": "YQB"
            }],
            "debitCarList": [{
                "cardName": "浦发银行储蓄卡(8765)",
                "accountNoTail": "1234",
                "cardNo": "1234567890123456",
                "loanBindNo": "3",
                "bankNo": "spdb",
                "bankName": "浦发银行",
                "bindType": "BANK"
            }, {
                "cardName": "工商银行储蓄卡(8765)",
                "accountNoTail": "1234",
                "cardNo": "1234567890123456",
                "loanBindNo": "4",
                "bankNo": "icbc",
                "bankName": "工商银行",
                "bindType": "BANK"
            }, {
                "cardName": "上海银行储蓄卡(8765)",
                "accountNoTail": "1234",
                "cardNo": "1234567890123456",
                "loanBindNo": "5",
                "bankNo": "shb",
                "bankName": "上海银行",
                "bindType": "BANK"
            }, {
                "cardName": "兴业银行储蓄卡(8765)",
                "accountNoTail": "1234",
                "cardNo": "1234567890123456",
                "loanBindNo": "6",
                "bankNo": "cib",
                "bankName": "兴业银行",
                "bindType": "BANK"
            }, {
                "cardName": "中国建设银行储蓄卡(8765)",
                "accountNoTail": "1234",
                "cardNo": "1234567890123456",
                "loanBindNo": "7",
                "bankNo": "ccb",
                "bankName": "中国建设银行",
                "bindType": "BANK"
            }, {
                "cardName": "中国光大银行储蓄卡(8765)",
                "accountNoTail": "1234",
                "cardNo": "1234567890123456",
                "loanBindNo": "8",
                "bankNo": "ceb",
                "bankName": "中国光大银行",
                "bindType": "BANK"
            }, {
                "cardName": "中信银行储蓄卡(8765)",
                "accountNoTail": "1234",
                "cardNo": "1234567890123456",
                "loanBindNo": "9",
                "bankNo": "cncb",
                "bankName": "中信银行",
                "bindType": "BANK"
            }, {
                "cardName": "华夏银行储蓄卡(8765)",
                "accountNoTail": "1234",
                "cardNo": "1234567890123456",
                "loanBindNo": "10",
                "bankNo": "hxb",
                "bankName": "华夏银行",
                "bindType": "BANK"
            }, {
                "cardName": "中国农业银行储蓄卡(8765)",
                "accountNoTail": "1234",
                "cardNo": "1234567890123456",
                "loanBindNo": "11",
                "bankNo": "abc",
                "bankName": "中国农业银行",
                "bindType": "BANK"
            }, {
                "cardName": "平安银行储蓄卡(8765)",
                "accountNoTail": "1234",
                "cardNo": "1234567890123456",
                "loanBindNo": "1",
                "bankNo": "pab",
                "bankName": "平安银行",
                "bindType": "BANK"
            }, {
                "cardName": "中国邮政储蓄银行储蓄卡(8765)",
                "cardNo": "1234567890123456",
                "accountNoTail": "1234",
                "loanBindNo": "12",
                "bankNo": "psbc",
                "bankName": "中国邮政储蓄银行",
                "bindType": "BANK"
            }, {
                "cardName": "中国银行储蓄卡(8765)",
                "accountNoTail": "1234",
                "cardNo": "1234567890123456",
                "loanBindNo": "13",
                "bankNo": "boc",
                "bankName": "中国银行",
                "bindType": "BANK"
            }, {
                "cardName": "民生银行储蓄卡(8765)",
                "accountNoTail": "1234",
                "cardNo": "1234567890123456",
                "loanBindNo": "14",
                "bankNo": "cmbc",
                "bankName": "民生银行",
                "bindType": "BANK"
            }]
        }
    }
}