{
    "data": {
        "bindAccountList": [
            {
                "accountName": "有人行的",
                "accountNo": null,
                "accountTypeName": "壹钱包账户",
                "bankCode": " ",
                "bindNo": "2411283",
                "bindType": "YQB"
            },
            {
                "accountName": "有人行的",
                "accountNo": "6214998888877777",
                "accountTypeName": "建设银行",
                "bankCode": "CCB",
                "bindNo": "2411284",
                "bindType": "BANK"
            }
        ],
        "resultCode": "1",
        "resultMsg": "查询客户信息成功!"
    },
    "flag": "1",
    "msg": "请求成功，无任何异常"
}