{
    "flag": "1",
    "msg": "操作成功",
    "data": {
        "resultCode": "1",
        "resultMsg": "返回结果信息",
        "term": 20,
        "interestFee": "315.85",
        "saveAmt": "390",
        "counterFee": 0,
        "rpyTotalAmt": "12000",
        "planList": [
            {
                "rpyDate": "2016-05-06",
                "rpyAmt": "1000.01"
            },
            {
                "rpyDate": "2016-06-06",
                "rpyAmt": "990.13"
            },
            {
                "rpyDate": "2016-07-06",
                "rpyAmt": "890.13"
            },
            {
                "rpyDate": "2016-08-06",
                "rpyAmt": "790.13"
            },
            {
                "rpyDate": "2016-09-06",
                "rpyAmt": "690.13"
            },
            {
                "rpyDate": "2016-10-06",
                "rpyAmt": "590.13"
            },
            {
                "rpyDate": "2016-11-06",
                "rpyAmt": "490.13"
            },
            {
                "rpyDate": "2016-12-06",
                "rpyAmt": "390.13"
            },
            {
                "rpyDate": "2017-01-06",
                "rpyAmt": "290.13"
            },
            {
                "rpyDate": "2017-02-06",
                "rpyAmt": "190.13"
            }
        ]
    }
}