{
    "msg": "0",
    "data": {
        "lnSumLst": {
            "applType": "XB",
            "status": "RP",
            "bName": "平安银行",
            "applNo": "100000",
            "applAmt": "1234.56",
            "term": "12",
            "process": "2",
            "acctType": "REF",
            "rpAmt": "222.22",
            "rpAcct": "3630",
            "cName": "cName",
            "gasStationSwitch": "Y",
            "rpDate": "20151101",
            "leftPrin": "111.11",
            "rpFlag": "Y",
            "overDay": "23",
            "amt": "888.88",
            "term": "6"
        },
        "topUpInfor": {
            "isCreditCust": "Y",
            "creditLine": "200.11",
            "disBankShort": "pa",
            "hasP2P": "Y",
            "isTopup": "Y",
            "bankCardNo": "6226312312312312312",
            "hasQualification": "Y",
            "showTip": "Y",
            "applNo": "31232312323",
            "topupProgress": "2",
            "progressMsg": "审核信息",
            "reason": "00"
        }
    },
    "flag": "1"
}
