{
  "retCode": "1",
  "retMsg": "0",
  "data": {
    "resultCode": "1",
    "resultList": [
        {
            "repayTotalAmt": "649.21",
            "repayDate": "20150713"
        },
        {
            "repayTotalAmt": "649.22",
            "repayDate": "20150713"
        },
        {
            "repayTotalAmt": "649.21",
            "repayDate": "20150713"
        },
        {
            "repayTotalAmt": "649.21",
            "repayDate": "20150713"
        },
        {
            "repayTotalAmt": "649.21",
            "repayDate": "20150713"
        },
        {
            "repayTotalAmt": "649.21",
            "repayDate": "20150713"
        },
        {
            "repayTotalAmt": "649.21",
            "repayDate": "20150713"
        }
    ],
    "theFullRepay": "88300.67"
  },
  "flag": "1"
}
