{
  "retCode": "1",
  "retMsg": "0",
  "data": {
    "resultObj": [
      {
        "Tamt": "64989.21",
        "Tdate": "20150713",
        "Ttype": "还款",
        "Taccount":"尾号8788",
        "applyNo": "001"
      },
      {
        "Tamt": "64989.21",
        "Tdate": "20150713",
        "Ttype": "动用",
        "Taccount":"尾号8788",
        "applyNo": "002"
      },
      {
        "Tamt": "64989.21",
        "Tdate": "20150713",
        "Ttype": "动用",
        "Taccount":"尾号8788",
        "applyNo": "003"
      },
      {
        "Tamt": "64989.21",
        "Tdate": "20150713",
        "Ttype": "还款",
        "Taccount":"尾号8788",
        "applyNo": "004"
      },
      {
        "Tamt": "64989.21",
        "Tdate": "20150713",
        "Ttype": "动用",
        "Taccount":"尾号8788",
        "applyNo": "005"
      },
      {
        "Tamt": "64989.21",
        "Tdate": "20150713",
        "Ttype": "还款",
        "Taccount":"尾号8788",
        "applyNo": "006"
      },
      {
        "Tamt": "64989.21",
        "Tdate": "20150713",
        "Ttype": "还款",
        "Taccount":"尾号8788",
        "applyNo": "007"
      }
    ],
    "theFullAmount": "88300.67"
  },
  "flag": "1"
}
