{
  "retMsg": "0",
  "data": {
    "subProcessCode": "RP",
    "isEffective": "Y",
    "applyNo": "D2015101508000321",
    "acctNo": "",
    "custNo": "",
    "creditAmt": "30000",
    "abledAmt": "22000.85",
    "usedAmt": "7999.15",
    "rpDate": "20151030",
    "rpAmt": "3137.52",
    "mixRpAmt": "1112.11",
    "rpFlag":"Y",
    "overDay":"5",
    "dueAmt":"984.3",
    "resultCode":"1",
    "nosInst":"3",
    "billDate":"20151111",
    "rpyMethod":"01",
    "loanCode": "0101-01",
    "applNo": "10000000000",
    "overDueDay": "20151213",
    "currentDueDate": "20151214"
  },
  "flag": "1"
}
