{
  "data":{
    "lnSumLst":[
      {
        "acctNo":"1000000000682414",
        "custNo":"3133533",
        "cName":"账户名",
        "applNo":"0101004064133",
        "status":"RP",
        "gasStationSwitch":"Y",
        "applType":"WX",

        "creditAmt":"5000",
        "abledAmt":"5000",
        "usedAmt":"0",
        "mixRpAmt":"200",

        "rpFlag":"N",
        "leftPrin":"0",
        "dueAmt":"0",
        "overDay":"0",
        "FPDate":"2017-10-01",
        "rpDate":"2017-09-12",

        "amt":"",
        "lnDate":"",

        "rpAcct":"0982",
        "rpAmt":"0",
        "acctType":"REF",
        "process":"",
        "term":"20",
        "applAmt":"5000",
        "bName":"建设银行"
      }
    ]
  },
  "msg": "操作成功",
  "flag": "1"
}