﻿{
  "data": {
    "config": {
      "productId": "iloanbt",
      "switch": "on",
      "errorPostswitch": {
        "switch": "on",
        "config":{
          "startTime" : "2017-07-27 15:10:00",
          "endTime" : "2017-07-28 08:00:00",
          "timeQuantum" : "00:00:00-23:59:59",
          "overTime": 10000
        }
      },
      "keyPointPostswitch": {
        "switch" :"on",
        "config" : {
          "startTime" : "2017-07-27 15:10:00",
          "endTime" : "2017-07-28 18:00:00",
          "timeQuantum" : "00:00:00-23:59:59"
        }
      },
      "userBehaviorSwitch": {
        "switch" :"on",
        "config" : {
          "startTime" : "2017-07-27 15:10:00",
          "endTime" : "2017-07-28 08:00:00",
          "timeQuantum" : "00:00:00-23:59:59"
        }
      },
      "pageAnalysisSwitch": {
        "switch" :"on",
        "config" : {
          "startTime" : "2017-07-27 15:10:00",
          "endTime" : "2017-07-28 08:00:00",
          "timeQuantum" : "00:00:00-23:59:59"
        }
      }
    }
  },
  "flag": "1",
  "msg": "请求成功"
}